id,idNo,firstName,lastName,email,password,gender,phone,university,postalCode,streetAddress,city,timeStamp
1,2480,Theda,Ganderton,tganderton0@chron.com,LuSnQlHTgvN,Female,341 805 1871,Kazan State Academy of Architecture and Civil Engineering,,88468 Spohn Street,Kotanopan,2019-10-03
2,2421,Conny,Brickell,cbrickell1@dagondesign.com,RVfBod3,Male,260 567 1466,Southern Yangtze University,00-018,448 Park Meadow Court,Sieniawa Żarska,2019-09-29
3,1123,Lucia,Jaffrey,ljaffrey2@weibo.com,Hv4qcMR0ETfL,Female,919 512 9671,Kangnam University,,87 Scott Point,Fengpo,2019-04-15
4,2185,Perri,O'Dowling,podowling3@hexun.com,tFzoJSd,Female,816 220 6403,Fisher College,,53200 Manley Circle,Shataping,2016-11-28
5,2554,Foster,Picott,fpicott4@unicef.org,6hGiv5sPVt,Male,582 977 0215,Brandenburgische Technische Universität Cottbus,,7 Graceland Avenue,Pokhara,2017-11-07
6,1784,Giavani,Hallas,ghallas5@columbia.edu,9fljUt,Male,751 463 5311,Darul Hikmah Islamic College,5004,644 Hudson Center,Jalaud,2019-05-02
7,1366,Neall,Baldocci,nbaldocci6@ask.com,UjliVldKBm2,Male,261 182 1847,Academy of Management and Entrepreneurship,,04837 Boyd Hill,Uchiza,2018-01-22
8,2442,Kevyn,Ellcome,kellcome7@hao123.com,tlQ1WmTyew9,Female,660 917 4454,Kar University,,202 Sycamore Trail,El Aïoun,2017-09-04
9,2081,Rochette,Aldwich,raldwich8@arstechnica.com,ZN8j872r,Female,579 610 6514,Harokopio University,,79 Dorton Plaza,Shuiyang,2018-03-12
10,1751,Barbra,Wadsworth,bwadsworth9@cmu.edu,znYf7kqFxwt,Female,368 948 8502,University of Sarajevo,,8 Spohn Road,Ol Kalou,2018-08-10
11,1631,Bren,Kolakovic,bkolakovica@comcast.net,Vt9Q25lhx,Female,658 593 4874,Bellin College of Nursing,4575-062,3 Pleasure Avenue,Vinhas,2018-04-30
12,1694,Rebeka,Lathbury,rlathburyb@simplemachines.org,q3N0aKNtmuim,Female,166 365 5090,"Evangelische Fachhochschule Freiburg, Hochschule für Soziale Arbeit, Diakonie und Religionspädagogik",378-0401,15543 Springview Alley,Sukagawa,2017-02-23
13,1284,Antoinette,Heindl,aheindlc@businessinsider.com,3Ai6xQOf5j,Female,954 565 0079,Pontificia Università S. Tommaso,,4193 Canary Junction,Huiyi,2017-06-10
14,1443,Debbi,Farrier,dfarrierd@yale.edu,4FA9uvIcp,Female,846 947 2311,Universidad de Occidente,,81 Alpine Crossing,Ngawen,2017-11-19
15,2106,Derwin,Marlon,dmarlone@pen.io,J4UBX3A,Male,496 157 9160,University of Science and Technology,44420-000,0875 Namekagon Circle,Maragogipe,2018-10-14
16,2448,Lanette,Bouette,lbouettef@europa.eu,242EXh2QsU98,Female,858 506 8062,Klaipeda University,,3 Oakridge Terrace,Karangagung Timur,2017-07-17
17,1136,Lamar,Ivanishchev,livanishchevg@furl.net,PBW3pH1ye,Male,839 237 8589,Koyasan University,824-0233,4882 Bowman Terrace,Yukuhashi,2017-01-30
18,2234,Udell,Clavey,uclaveyh@hostgator.com,6tFDnEs,Male,874 672 2532,Universidad Autónoma de Colombia,,10 Eggendart Park,Pailin,2017-03-04
19,1009,Barth,Dunbleton,bdunbletoni@canalblog.com,da7gb6IC,Male,894 494 3232,Southwestern College Santa Fe,,89 Jenna Lane,Mojoagung,2017-03-11
20,1196,Mair,Mathet,mmathetj@xinhuanet.com,qwa0Qh2kI7Nj,Female,879 275 9824,Halla University,,67748 Thackeray Junction,"Las Vegas, Santa Barbara",2019-08-04
21,2005,Randell,Penney,rpenneyk@skype.com,L3w4DMaQOP96,Male,705 678 4194,National University of Uzbekistan,,5151 Anthes Point,Kuma,2017-09-29
22,1664,Ephrayim,McColley,emccolleyl@mashable.com,RCmaOV,Male,591 658 0472,University of Texas at Tyler,135 40,0647 Lotheville Plaza,Tyresö,2018-05-23
23,2020,Grove,Smallcombe,gsmallcombem@github.com,PdJX88,Male,303 794 7839,University of New York in Prague,,33 Scofield Parkway,Chengshan,2019-10-28
24,2402,Dulsea,Orchart,dorchartn@wix.com,uPj7ITLDY71,Female,482 261 9976,Technical University of Gabrovo,,82 Truax Avenue,Valle de Ángeles,2018-01-17
25,2099,Tabb,Dannatt,tdannatto@studiopress.com,N2KHPv1BxXIH,Male,952 890 5954,St. Clair College,442965,674 Continental Circle,Zarechnyy,2017-04-03
26,2315,Dela,Desesquelle,ddesesquellep@tinypic.com,Da8EEvSZcwB,Female,619 252 0397,Fontbonne College,,6903 Blackbird Parkway,Cimara,2019-11-10
27,1511,Valle,Greedyer,vgreedyerq@globo.com,nEpxzkG,Male,513 149 2444,Capital University Law School,366606,6078 Doe Crossing Alley,Kulary,2018-07-03
28,1382,Yvon,Vasser,yvasserr@friendfeed.com,KGnAqo,Male,641 389 8913,Faulkner University,,27296 Transport Lane,Barengkok Hilir,2018-05-06
29,1168,Debera,Ind,dinds@naver.com,i7hkolvzm,Female,695 719 8027,Universidad Alfonso X El Sabio,,870 Sullivan Plaza,Farrokh Shahr,2018-12-28
30,1470,Kimberlyn,Gimblet,kgimblett@chronoengine.com,FdwDXpJvmU,Female,988 161 7304,University of East,389-1227,4 Myrtle Alley,Nagano-shi,2018-01-30
31,1505,Kipp,Bertolin,kbertolinu@geocities.com,B1h3xG5I,Female,102 166 1751,University of Nevada - Reno,53022 CEDEX 9,232 Golf Point,Laval,2018-07-02
32,2130,Car,Chese,cchesev@miibeian.gov.cn,7NVFrdq9VLYZ,Male,581 943 3636,The College of Westchester,681008,1 Jana Street,Solnechnyy,2018-02-20
33,1848,Annetta,McKiernan,amckiernanw@admin.ch,keLWYD,Female,771 859 0056,University of Exeter,58225-000,565 Thierer Point,Solânea,2019-06-06
34,1735,Konrad,Fermoy,kfermoyx@bigcartel.com,3EEs2Ot,Male,184 300 3949,Quest University,,7 Arizona Court,Viligili,2019-05-06
35,2464,Frederic,Amos,famosy@bravesites.com,QtiZIxaigsY,Male,757 283 8890,Capital Normal University,23514,58 Bonner Alley,Norfolk,2019-03-04
36,1523,Becki,Beert,bbeertz@bing.com,keoz3JXuz,Female,624 890 0024,Universität Hildesheim,68650-000,497 Rieder Junction,Capitão Poço,2017-01-21
37,2039,Tabor,Balcon,tbalcon10@themeforest.net,3dskTL0lzUV,Male,211 823 6128,London Guildhall University,,4 Fallview Trail,‘Alāqahdārī Kirān wa Munjān,2017-05-09
38,1557,Dukey,Geall,dgeall11@reuters.com,svDMQg6Xu2,Male,108 530 0943,Universidade Federal do Rio Grande do Sul,,60741 Carberry Parkway,Waiwukak,2017-11-28
39,2515,Aline,Gartell,agartell12@discuz.net,ke3neMWjTXi,Female,370 131 0197,Makerere University,,7977 La Follette Point,Encontrados,2018-01-09
40,1086,Ara,Shitliffe,ashitliffe13@typepad.com,HxYeQPs,Male,172 889 2083,Virgen Milagrosa University Foundation,,174 Hallows Circle,Chongxian,2019-03-07
41,2228,Chrysa,Bront,cbront14@addthis.com,L4K3h3,Female,924 970 9776,State University of New York Upstate Medical University ,399734,810 Derek Alley,Stanovoye,2018-06-09
42,1940,Coraline,Largent,clargent15@webnode.com,9aVOrDE96nB8,Female,103 146 8535,Drzavni Univerzitet u Novom Pazaru,4620-297,2879 Moose Plaza,Capela,2018-10-22
43,2353,Analiese,Pratley,apratley16@weather.com,tltpEGT,Female,463 965 3174,Universidad Autónoma de Nuevo León,9585,71206 Graceland Parkway,Parys,2016-11-09
44,2074,Nikolai,Orteau,norteau17@printfriendly.com,G5VHUp3K,Male,293 917 9930,Gulf University for Science and Technology,738 34,8479 Eagle Crest Alley,Norberg,2017-11-02
45,1761,Madison,Pittham,mpittham18@123-reg.co.uk,hHYhQEAmudo,Male,883 565 5075,Baghlan University,,54 Anhalt Parkway,Cangkringan,2017-04-12
46,1513,Geoffrey,Mollindinia,gmollindinia19@mozilla.org,doLXK4tLqZ,Male,888 927 1825,Yale University,,3 Hanover Junction,Qinghe,2019-08-09
47,2551,Kate,Sondon,ksondon1a@dmoz.org,LSprjVRn,Female,608 188 7873,Escuela Colombiana de Ingeniería Julio Garavito,53710,70 Johnson Crossing,Madison,2017-02-19
48,1685,Charla,Woodison,cwoodison1b@scribd.com,OL75xE,Female,241 557 2199,North Carolina School of the Arts,,0 Starling Lane,Sausa,2018-02-05
49,1589,Debora,McColl,dmccoll1c@goo.ne.jp,8iS8MX,Female,801 409 8524,Mangalore University,,3 Memorial Terrace,Bentar,2019-10-15
50,1246,Lorne,Bawme,lbawme1d@wikispaces.com,F3SE94gnXkhe,Male,953 814 9670,Torbat Heydarieh University of Medical Sciences,12103,0264 Muir Way,Berlin,2016-11-04
51,1777,Hayes,Starkings,hstarkings1e@time.com,G2XYJnbbMyeX,Male,413 553 5300,Taylor's University College,,7560 Fordem Avenue,Masebewa,2019-11-03
52,2465,Aldin,Doiley,adoiley1f@cnbc.com,YrGhBI,Male,972 100 8667,National Academy for Physical Education and Sports Bucharest,188355,8 Summer Ridge Way,Kobrinskoye,2019-03-21
53,2181,Marne,Tullot,mtullot1g@youtube.com,qKVE9pc,Female,446 402 1001,Université de Batna,632351,63599 Maple Wood Trail,Kuybyshev,2017-07-15
54,2131,Willey,Michael,wmichael1h@slashdot.org,DqmtDo0EP9X1,Male,669 999 4439,Inner Mongolia Polytechnic University,,0665 Bunker Hill Alley,Gayam,2018-01-22
55,2077,Chadwick,Yushin,cyushin1i@weebly.com,AU1Fnob5F7Z,Male,241 249 0410,Universidad Central Dominicana de Estudio Profesionales,731027,82 Hooker Alley,Lérida,2017-02-17
56,2512,Katey,Berkery,kberkery1j@deviantart.com,B47zKbb,Female,217 212 3605,Lansbridge University,,569 Donald Street,Ichnya,2018-11-05
57,2088,Christin,Arnet,carnet1k@prlog.org,6JchGBCL,Female,694 605 3809,Fachhochschule Worms,,01504 Sloan Alley,Sukasari,2018-04-17
58,1577,Tamarra,Thoumas,tthoumas1l@hud.gov,2zZiMH1oWR,Female,751 662 8054,Beijing International Studies University,44-186,4553 Eagle Crest Trail,Gierałtowice,2019-01-23
59,2147,Leena,McVitie,lmcvitie1m@mysql.com,iBLCdEIJm4r,Female,706 540 9415,Technical University of Czestochowa,,4 Michigan Drive,Dongjingcheng,2017-06-04
60,1650,Hebert,Iacovolo,hiacovolo1n@behance.net,Y0iWgDPquv,Male,664 851 4362,University of West Florida,,720 Fairview Pass,Kariat Arkmane,2018-11-09
61,1625,Aveline,Raimbauld,araimbauld1o@shareasale.com,IH5NE0rNJtmF,Female,926 804 7811,Isfahan University,,95 Sycamore Street,Biên Hòa,2017-07-31
62,2313,Rey,Bolding,rbolding1p@disqus.com,R5ry0aLeyx7b,Male,475 331 6401,National Open University of Nigeria,49580,6 Corscot Circle,Lagunillas,2019-09-26
63,1243,Flynn,Pinard,fpinard1q@dropbox.com,JLji8UM1,Male,164 646 9482,National University of Defense Technology,,22672 Jenna Hill,Cikaduen,2017-01-16
64,2210,Angelique,Lambird,alambird1r@cisco.com,uJMCva3mF,Female,857 389 2582,Western Governors University,606525,31704 Fair Oaks Pass,Zavolzh’ye,2018-09-23
65,2268,Patricia,Morot,pmorot1s@163.com,3Dn4ZK,Female,536 871 4039,Université de Marne la Vallée,68-343,6 Holmberg Park,Brody,2018-10-15
66,1752,Carly,Tearney,ctearney1t@dmoz.org,Kk8Le0W,Female,615 872 0249,Pädagogische Hochschule Weingarten,4178,2825 Di Loreto Park,Alderetes,2017-12-18
67,1467,Chevalier,Daughtery,cdaughtery1u@geocities.jp,pyva3rpSS,Male,155 436 8365,Centre d'Etudes Supérieures Industrielles Paris,,3740 Mallard Junction,Fāmenīn,2019-03-21
68,1504,Burt,Mc Menamin,bmcmenamin1v@geocities.com,SwautTzR,Male,439 931 7575,Beijing Forestry University,,117 Fisk Alley,Tukbur,2017-03-06
69,2261,Lorrie,Drane,ldrane1w@auda.org.au,4dVAyzAdCT,Female,128 437 2369,Gretsa Universtiy,J2N,99365 Jay Place,Farnham,2017-03-17
70,1013,Marie-ann,Reavey,mreavey1x@tinypic.com,INCL9ls,Female,903 358 5436,Ecole Centrale de Lyon,75710,94966 Manitowish Road,Tyler,2018-12-30
71,2212,Thedrick,Masden,tmasden1y@1und1.de,1c0A8esYHEv,Male,767 242 5654,Nepal Sanskrit University,,7 Cody Trail,Jarash,2017-11-17
72,2126,Bernie,Lillegard,blillegard1z@mlb.com,sXGsRsUvulMY,Female,816 494 8537,United States Military Academy,,4282 Crest Line Court,Sukapura,2017-04-14
73,1135,Murielle,Barthrop,mbarthrop20@opensource.org,w82pLB,Female,468 407 2726,Universidad Peruana de Ciencias e Informática,463 65,8910 Anniversary Court,Nové Město pod Smrkem,2019-07-13
74,2156,Benedict,Ghost,bghost21@unicef.org,KkiNbN6O,Male,897 284 3177,Shikoku University,,886 Dayton Point,Travesía,2018-08-18
75,1878,Claudianus,Pook,cpook22@rakuten.co.jp,Td8yEE7Ztv6D,Male,400 502 5766,Communication University of China,,8281 Petterle Parkway,Padaan,2017-09-22
76,1147,Shelley,Quigg,squigg23@cnn.com,Tgri7TR,Female,850 614 0537,Melaka City Polytechnic,47-451,14377 Hansons Way,Borucin,2019-01-19
77,1655,Roseann,Fayerman,rfayerman24@washington.edu,zEgBX0MbJjTU,Female,750 670 2991,Shanmugha Arts Science Technology and Research Academy,3950,7454 Schmedeman Park,Aasiaat,2018-06-21
78,2374,Liam,Vaune,lvaune25@barnesandnoble.com,QU5YjqW,Male,128 515 8616,Kilimanjaro Christian Medical College,6030-006,50177 6th Park,Vila Velha de Ródão,2017-02-16
79,1210,Jaymie,Bonar,jbonar26@ted.com,lZUGCbM,Male,814 718 6358,Internationales Hochschulinstitut Zittau,,31 West Road,Tambopata,2017-02-16
80,1582,Miguel,Barnham,mbarnham27@bloomberg.com,UXNk8Ym,Male,301 681 4778,National University of Food Technologies,5382,16 Burning Wood Circle,Cofimvaba,2018-03-26
81,1664,Shadow,Silbersak,ssilbersak28@biblegateway.com,MObjdeK2AaZ2,Male,566 942 8731,Tai Solarin University of Education,,28493 Barby Parkway,Jinshanzui,2018-07-15
82,1616,Anthe,McCunn,amccunn29@chron.com,yqPXue,Female,627 440 7428,Universidad Internacional de Andalucía,,214 Algoma Pass,Nglorogan,2016-11-08
83,1832,Gaultiero,Batman,gbatman2a@zimbio.com,UQXemJM4ZrZ,Male,192 194 9971,University of Education,2495,00400 Westend Parkway,Den Haag,2018-11-03
84,1231,Roxi,Baudone,rbaudone2b@youku.com,wfKqFCjPdnw,Female,298 386 1884,Miyagi Gakuin Women's College,,27 Jana Plaza,Karangturi,2019-11-15
85,1084,Cobbie,Kolodziejski,ckolodziejski2c@4shared.com,P17sAU7DY,Male,977 530 3288,University College Bahrain,301767,24114 Center Circle,Novomoskovsk,2017-03-16
86,1396,Mic,De la Feld,mdelafeld2d@ca.gov,aiElTNG,Male,605 388 5193,Russian State Geological Prospecting University ,8421,2102 Eastlawn Plaza,San Isidro,2017-02-26
87,2512,Trenton,Knifton,tknifton2e@artisteer.com,elzfwG,Male,906 570 0371,Guangxi Normal University,6046,644 Roxbury Street,Minglanilla,2019-08-09
88,2468,Cleopatra,Ironside,cironside2f@samsung.com,tzzKvp9oP97,Female,840 456 6012,University of Oradea,456209,829 5th Hill,Zlatoust,2017-12-21
89,2355,Maud,Curtois,mcurtois2g@about.com,hiwrcwBvpjWW,Female,424 163 3184,Tokyo Keizai University,,5584 Merry Center,Néos Skopós,2017-01-25
90,2502,Rooney,Kirimaa,rkirimaa2h@apple.com,2XD42dy5Oet,Male,569 754 1513,Glendale University College of Law,,76 Hintze Pass,Reshui,2017-03-30
91,1398,Caitrin,Castaignet,ccastaignet2i@indiegogo.com,L515HUam5,Female,362 334 4290,University of Bahrain,6715,44 Warner Center,Taltal,2017-07-12
92,2046,Bobby,Bienvenu,bbienvenu2j@discuz.net,Mnajb98k,Male,702 878 8747,Shippensburg University of Pennsylvania,,09330 Monterey Hill,Shums’k,2018-02-08
93,1934,Anne-marie,Skoggins,askoggins2k@delicious.com,DpsNy2h5M,Female,466 209 1132,Latvian Maritime Academy,,595 Lakeland Parkway,Dukuhsawah,2019-10-13
94,1085,Pen,Ascrofte,pascrofte2l@home.pl,f7uMdVd,Male,978 632 4781,Columbia International University,,560 Harper Crossing,Paisha,2019-01-07
95,1089,Wheeler,Colliard,wcolliard2m@paypal.com,9PibP0c,Male,534 369 2922,Grinnell College,303812,941 Brown Point,Veshnyaki,2019-02-21
96,2235,Xever,Durrance,xdurrance2n@umich.edu,JKzdKYk,Male,945 293 0997,Wonkwang University,85120,341 Scoville Drive,Rattanaburi,2017-11-18
97,2334,Kelley,Wilstead,kwilstead2o@goo.gl,DPUWmF6,Male,247 583 7918,Université Catholique de l' Ouest,132 81,152 Forest Run Place,Saltsjö-Boo,2019-02-12
98,2314,Julianne,Lippini,jlippini2p@narod.ru,umiQuTT4,Female,917 470 7565,Private Universität Witten/Herdecke,33400-000,256 Schiller Parkway,Lagoa Santa,2019-06-19
99,1709,Alida,Champerlen,achamperlen2q@yale.edu,V3DAjeOVfX,Female,560 529 8304,Indiana University - Southeast,,7658 Vera Court,Dengjiang,2019-05-27
100,1661,Lulita,Whordley,lwhordley2r@techcrunch.com,wjgiEfrVg2,Female,201 384 8458,Odense University,,1139 John Wall Junction,Wairiang,2017-12-20
