id,idNo,firstName,lastName,email,password,gender,phone,university,postalCode,streetAddress,city,timeStamp
116,1662,Aurie,McKevany,amckevany0@examiner.com,Uumxfgxd,Female,926 640 9172,Université Charles-de-Gaulle (Lille III),,34453 Lighthouse Bay Avenue,?afwá,1/4/2017
117,1832,Corina,Davet,cdavet1@delicious.com,2O7EEtPC5wV,Female,907 579 9549,University of the City of Manila,141 05,63 Crescent Oaks Court,Huddinge,6/2/2018
118,2100,Ulysses,Gatheridge,ugatheridge2@independent.co.uk,RTXxacvO23Qh,Male,124 713 8566,University of Denver,44640-000,4567 Mandrake Junction,Riachão do Jacuípe,12/3/2017
119,2017,Gabbi,Seivwright,gseivwright3@columbia.edu,FHKAkmWLllm,Female,967 500 0953,Eastern College,,62 Nancy Place,Shaoguan,7/30/2018
120,1514,Shalna,Hevner,shevner4@virginia.edu,OYHO0ZJ,Female,281 402 2808,Principia College,3887,6 Butternut Terrace,eSikhawini,3/24/2017
121,2170,Hammad,Ableson,hableson5@wordpress.org,C7xsdGBa,Male,445 562 9408,Université de Ouagadougou,687 23,701 Summit Road,Ostrožská Lhota,12/2/2016
122,1421,Alli,Borland,aborland6@vkontakte.ru,PsyJGXETLx7,Female,647 856 6903,Izmir Economic University,37922 CEDEX 9,56 Bluejay Street,Tours,9/15/2018
123,1520,Bronson,Rosensaft,brosensaft7@apache.org,uhQRKVc,Male,196 988 2256,Sri Chandrasekharendra Saraswathi Viswa Mahavidyalaya,,9 Artisan Crossing,?abr?tah,3/25/2018
124,1656,Margaretta,Farden,mfarden8@macromedia.com,W9K6sgBCl4,Female,583 951 6520,Hunan University,59550-000,8 Farwell Crossing,João Câmara,11/19/2016
125,1532,Cointon,Gilligan,cgilligan9@xing.com,oaQXuZ,Male,212 799 8868,Universidad de Guadalajara,,3400 Rieder Plaza,Lobitos,10/8/2019
126,1170,Alleen,Meaney,ameaneya@wikia.com,AIrq0HS,Female,928 846 8306,Northwest Missouri State University,,69 Twin Pines Pass,Rodatychi,4/7/2018
127,1350,Feliza,Broadfield,fbroadfieldb@samsung.com,UVUxAJ5h8l,Female,382 611 4761,Fachhochschule Potsdam,,5780 Farragut Trail,Changshu City,8/18/2019
128,1656,Eustacia,Cropton,ecroptonc@nifty.com,29QzczR,Female,508 400 6643,Tokyo University,05-850,65 Melvin Road,Rybie,4/11/2018
129,2479,Ragnar,Kerbler,rkerblerd@cbsnews.com,RcG2EfIk,Male,414 217 1806,Montclair State University,,27956 Anniversary Pass,Zhapu,10/20/2018
130,2052,Antons,Titta,atittae@redcross.org,8aJY4lcFUQcf,Male,108 949 4132,Ecole Supérieure Internationale d'Administration des Entreprises,,91866 Forster Road,Xiaohebian,8/17/2018
131,1592,Zola,Kaplan,zkaplanf@prnewswire.com,fe3oqW9,Female,701 913 8974,Guru Jambeshwar University,,22910 Coolidge Place,Foumbot,11/12/2018
132,1033,Hilton,Cuppitt,hcuppittg@nih.gov,tjpw6fgSflJT,Male,586 306 4492,Sabzevar School of Medical Sciences,,1323 Erie Point,Tuqiao,4/2/2019
133,1714,Berton,Yuille,byuilleh@topsy.com,ZQMU22NVaMyW,Male,693 630 2784,Michigan State University,,284 Grim Pass,Tanjung Palas,5/18/2017
134,1043,Teirtza,Battie,tbattiei@w3.org,rVNBXw795JIl,Female,306 683 8328,National Defense University,303930,6 Pond Way,Khotynets,2/22/2017
135,1154,Andres,Baroch,abarochj@alibaba.com,8V3woG5jv0D,Male,683 896 7149,South University of Science and Technology of China ,1676,1557 Ridgeway Parkway,Canturay,11/5/2018
136,1227,Penny,Blasi,pblasik@nbcnews.com,kmTDP9Ev6X,Female,988 700 6702,State University of New York College at Potsdam,2727,31221 Dovetail Street,Pudoc North,12/25/2018
137,2458,Pablo,Liebermann,pliebermannl@bing.com,69y0E4P,Male,462 326 0089,Cardinal Stritch University,,11198 Doe Crossing Trail,Banjar Yehsatang,8/17/2017
138,1519,Fidelia,Gurnay,fgurnaym@plala.or.jp,loSd08zeHS,Female,780 707 8589,Technische Universität Hamburg-Harburg,77-201,0294 Raven Terrace,Miastko,7/17/2019
139,2483,Bard,Macak,bmacakn@mozilla.org,FRluPJBp,Male,684 246 6647,Universidade Regional do Cariri,,8 Schurz Road,Changcun,6/5/2017
140,1432,Shelton,Scorey,sscoreyo@umn.edu,nd9f8SSfkYTx,Male,422 947 5811,Ritsumeikan University,,9 Summerview Trail,Padangpanjang,2/4/2017
141,2021,Mahmud,Kennion,mkennionp@a8.net,CE3WaqpHJ,Male,244 237 5668,Universitas Bakrie,,8935 Sycamore Court,Dingzigu,12/25/2016
142,2275,Gracia,Piddick,gpiddickq@addthis.com,Zs5r1P,Female,302 278 8501,Columbia College of Missouri,,4529 Oxford Road,Wengyang,10/9/2019
143,1561,Sophia,Brisard,sbrisardr@tinyurl.com,kohr8dEKe,Female,361 985 1002,University of the Philippines Los Banos,,3750 Chive Plaza,Boawae,9/29/2019
144,1751,Lynette,Pilgrim,lpilgrims@twitpic.com,NZiXpW6HDD,Female,360 174 5069,"Institute of Teachers Education, Ilmu Khas",111711,5285 Beilfuss Avenue,Candelaria,10/19/2017
145,1726,Ives,Olyfant,iolyfantt@example.com,MhNl1Li,Male,504 685 4251,Al-Isra University,,157 8th Place,Zibo,3/15/2017
146,1236,Livvy,Hyndson,lhyndsonu@soup.io,KSj0t4GuQ,Female,874 916 1289,Centro Universitario Villanueva,P61,7480 Anthes Pass,Fermoy,1/27/2019
147,1300,Jacquenetta,Doswell,jdoswellv@godaddy.com,1fcuqf0,Female,163 204 3211,Yildirim Beyazit University,,79 Di Loreto Road,Pulopaya,7/7/2019
148,1840,Gale,Barrowcliffe,gbarrowcliffew@youku.com,gI2scg,Female,176 375 5919,Crimea State Medical University,29290-000,8 Sheridan Street,Rio Novo do Sul,11/10/2018
149,1483,Datha,Ruecastle,druecastlex@weibo.com,WBEuCPVc5QE,Female,761 329 8697,Indira Gandhi Institute of Development and Research,LE14,6977 Brown Plaza,Twyford,8/24/2019
150,2229,Burr,Toms,btomsy@dedecms.com,dLp5OxCdE9U9,Male,373 238 9817,Lankaran State University,,04 Maryland Avenue,Muara Siberut,5/13/2018
151,2455,Demetri,Atkyns,datkynsz@clickbank.net,KPghedFJh2E,Male,827 214 3387,Brenau University,45201,19 Prairie Rose Trail,Kouvola,7/8/2019
152,1866,Isaac,Caslin,icaslin10@fda.gov,d5Fb2U5,Male,549 801 6649,International Academy of  Merchandising and Design Chicago,,8974 Melby Plaza,Markova,7/27/2017
153,1150,Chrissy,Leonard,cleonard11@harvard.edu,mEBx5CPSNA,Male,562 293 9122,Sindh Agricultural University,368033,40151 Charing Cross Avenue,Tsotsin-Yurt,7/18/2019
154,2356,Fabiano,Tremathick,ftremathick12@nbcnews.com,wYsrhish4E,Male,490 114 5910,Academy of Arts,55460-000,8 Scofield Alley,Cupira,11/22/2018
155,2233,Terencio,Burbage,tburbage13@samsung.com,SPibzmpgdm,Male,504 999 7669,"Victoria University Toronto, University of Toronto",55000,1 Schlimgen Road,Thai Charoen,11/6/2016
156,1642,Marylynne,Dimnage,mdimnage14@stanford.edu,EcEPLu,Female,932 392 6948,B.P.Koirala Institute of Health Sciences,,49 Fulton Circle,San Lorenzo,3/23/2017
157,1857,Kristen,Westwell,kwestwell15@fema.gov,TJqxOj,Female,630 227 1995,Aichi Gakuin University,,5 Independence Lane,Gannan,1/3/2018
158,2376,Temp,Belamy,tbelamy16@usa.gov,KuPbF2,Male,456 573 4463,Russian Academy of Arts,,57462 Rigney Center,Pasirnangka,5/12/2019
159,1776,Audrie,Hasley,ahasley17@gnu.org,GW6aCNXShatV,Female,963 738 9467,Hachinohe University,422156,14 Bunting Park,Dachnoye,9/17/2018
160,1071,Ethelind,Vinker,evinker18@craigslist.org,rj9A6N,Female,996 228 0910,Université Rennes I,,812 Hauk Parkway,Neiguan,7/9/2019
161,1169,Tomas,Peakman,tpeakman19@fc2.com,gH632aThWpo,Male,324 303 1165,Polytechnic Institute of Bari,,5179 Gale Junction,San Vicente de Bique,11/28/2017
162,1192,Ewell,Rowbury,erowbury1a@about.com,sF2bC5am0q,Male,675 267 4250,Neijiang Teacher University,A63,410 Forest Trail,Charlesland,8/4/2017
163,1521,Cordie,Risely,crisely1b@seattletimes.com,BN8Xbgg6,Female,713 148 8149,Saskatchewan Indian Federated College,,28715 Lakewood Gardens Circle,Nandulehe,12/10/2016
164,2219,Carly,Dorkin,cdorkin1c@zdnet.com,XUwd5x5zo,Female,920 486 8563,Uinversity of Babylon,,9783 Autumn Leaf Junction,Chunmuying,4/22/2017
165,2140,Hilary,Titford,htitford1d@army.mil,UjxVU2DHYQiT,Male,645 116 6406,Lyon College,,053 Texas Drive,Melikkrajan,10/14/2017
166,1680,Matt,Dovington,mdovington1e@auda.org.au,GsJNaUWkI,Male,158 584 1504,Guangzhou Academy of Fine Art,4850-194,795 Sutteridge Park,Penelas,5/14/2019
167,2380,Drucie,Yarr,dyarr1f@amazon.co.uk,EyYrHRttYPvv,Female,333 153 4337,Blue Mountains Hotel School,,941 Loomis Place,Jiegan,12/15/2018
168,2031,Buddy,Jacketts,bjacketts1g@usnews.com,QGFtkA27s2,Male,553 319 2354,Universidade Atlântica,17-102,4169 Transport Park,Bielsk Podlaski,11/13/2018
169,2162,Karen,Blodget,kblodget1h@cnn.com,ujSrk0e,Female,877 854 1191,Josai University,,14 Nelson Circle,Patimuan,5/24/2019
170,1734,Renaud,Mastrantone,rmastrantone1i@ox.ac.uk,37VY3vPMA,Male,959 242 4570,Instituto Tecnológico de Querétaro,,864 Mifflin Place,Ustynivka,11/26/2019
171,1961,Gilbert,Wearn,gwearn1j@people.com.cn,vEGvldGiu8x,Male,725 201 6428,Valparaiso University,81806,3294 Brentwood Drive,Buenavista,5/13/2018
172,2296,Gaelan,Kassman,gkassman1k@bloglovin.com,4Y7dTA,Male,389 397 1011,Pyongtaek University ,,5 Londonderry Way,Longbo,4/12/2018
173,1578,Marietta,Straughan,mstraughan1l@uiuc.edu,uERS95G,Female,200 510 6358,Universidade de Nova Iguaçu,,89 Michigan Pass,Kyenjojo,12/20/2017
174,1093,Adelbert,Gaskell,agaskell1m@elpais.com,XYzEa7raqDq,Male,131 717 2508,Dalian Medical University,,9431 Nevada Terrace,Shi?an as Suflá,4/29/2018
175,2494,Denver,Iddison,diddison1n@mysql.com,Uf9Ay020B7,Male,336 283 2546,Lincoln University,,56 Dwight Alley,Allealle,5/28/2017
176,2309,Warde,Scaysbrook,wscaysbrook1o@cafepress.com,zBzFS4rnl,Male,256 285 8455,Fairfield University,35805,3 Havey Road,Huntsville,11/27/2017
177,2069,Frans,Lillgard,flillgard1p@multiply.com,2ixyccQzUIk,Male,888 541 3927,"Universidad Católica Boliviana, Cochabamba",680011,6 Hallows Plaza,Bucaramanga,1/24/2019
178,2496,Lek,Worton,lworton1q@geocities.jp,iW2mYMuE7npU,Male,151 254 9108,Asahikawa University,3119,2 Nova Pass,Tønsberg,5/26/2017
179,1086,Johny,Bunstone,jbunstone1r@gmpg.org,lkdPhtND2yB,Male,268 495 9798,Universitas Semarang,23950,95154 Veith Lane,Pyhäranta,10/5/2019
180,1803,Saundra,Flippelli,sflippelli1s@dyndns.org,sjmxkmY,Female,862 453 5332,Health sciences University of Mongolia,84404 CEDEX,50 Knutson Place,Apt,7/8/2019
181,1631,Sol,Cettell,scettell1t@youtube.com,u9wDbYqn5y,Male,250 427 2836,Veer Surendra Sai University of Technology,,665 Farwell Street,Shuangwang,3/29/2018
182,2203,Luce,Iglesiaz,liglesiaz1u@thetimes.co.uk,P4yEkj9,Male,715 687 9629,Universitas Advent Indonesia,,3313 Southridge Court,Mhango,8/7/2017
183,1848,Tanner,Franiak,tfraniak1v@sciencedirect.com,xridussl,Male,259 439 8669,Dr. Babasaheb Ambedkar Marathwada Universtiy,,00374 Esker Trail,Bay?n,2/5/2019
184,2259,Jeromy,Leuchars,jleuchars1w@amazonaws.com,dydQkjA819,Male,825 492 4410,Nova Southeastern University,88598-000,8799 Schmedeman Terrace,Celso Ramos,8/8/2017
185,2408,Evanne,Dovey,edovey1x@w3.org,Jc4WMWPHP,Female,716 572 0844,Lake Erie College,,99039 Fair Oaks Plaza,Shataping,6/27/2018
186,1515,Bevin,Isakowicz,bisakowicz1y@cnbc.com,Gb4sTWIPp,Male,770 321 1674,Universidad Bolivariana de Venezuela,55180,0 Prairieview Point,Na Muen,10/26/2019
187,1024,Dirk,Royson,droyson1z@huffingtonpost.com,jMS8jMDeo3bi,Male,912 310 8395,Dogus University,,338 Bunker Hill Trail,Al Maw?il al Jad?dah,10/15/2018
188,2041,Veronique,Roalfe,vroalfe20@t-online.de,4ffEoxLq,Female,900 668 5825,Ecole Nationale Supérieure de Chimie de Lille,1695,673 Lukken Plaza,Anopog,2/3/2018
189,1249,Seymour,Hyde-Chambers,shydechambers21@mapquest.com,S1SMtqe,Male,985 470 5821,Ohio University - Chillicothe,,5652 Tomscot Trail,Kalijeruk,4/14/2019
190,1268,Deane,Ghiriardelli,dghiriardelli22@imageshack.us,cwDmJcdbD,Male,596 838 4917,Universiti Darul Iman,986-0303,8786 La Follette Trail,Nagai,11/20/2017
191,1148,Ag,Bly,ably23@elegantthemes.com,X1hM5uBvIlC,Female,470 749 7709,North University of Baia Mare,7600-314,9 Golf Plaza,Messejana,8/15/2017
192,1007,Whitney,Neligan,wneligan24@bbb.org,jzi3d7940kwR,Male,134 213 5150,Tri-State University,3240-654,56168 South Road,Carvalhal,9/17/2017
193,1021,Nanete,Drillingcourt,ndrillingcourt25@surveymonkey.com,2hZBejQNeYbt,Female,698 535 6782,University of Glamorgan,T56,2523 Hovde Road,Dungarvan,11/13/2017
194,2251,Stephani,Blaydon,sblaydon26@hubpages.com,egAE9sHyqG3,Female,962 231 1150,Technische Universität Carolo-Wilhelmina Braunschweig,,512 Porter Trail,Meybod,7/5/2019
195,2282,Mariejeanne,Leyfield,mleyfield27@about.me,0h378cB3E2,Female,421 724 4026,Alma College,4575-069,6 Bartelt Road,Serra,8/9/2019
196,1325,Ozzy,Willoway,owilloway28@dailymail.co.uk,uy5rkK23PM4,Male,899 321 7715,Universidad Metropolitana Latin Campus,,023 Monica Plaza,Qiaozi,6/28/2018
197,1508,Arty,Kliner,akliner29@latimes.com,rI3wmp8Z,Male,982 772 9759,University of Chemical Technology and Metallurgy,2565-209,59 Southridge Court,Dois Portos,3/12/2018
198,2021,Mirella,Limbourne,mlimbourne2a@multiply.com,i957hpOh7,Female,452 962 8002,Ecole Supérieure de Commerce de Paris,2260-114,72 Victoria Lane,Limeiras,5/12/2017
199,1057,Dane,Cunah,dcunah2b@livejournal.com,WZ51TWF,Male,744 230 8622,University of Gujrat,73750-000,7066 Thackeray Drive,Planaltina,5/4/2018
200,2377,Karil,Krook,kkrook2c@webmd.com,JqK2yrozy,Female,671 228 9175,Hiram College,55170,7816 Arizona Alley,Mae Charim,6/20/2018
201,1745,Fara,Tunesi,ftunesi2d@disqus.com,TcSwDjDKO,Female,742 569 7340,College of Dunaujvaros,,1 Blackbird Point,Hailin,1/5/2017
202,1383,Shanon,Abrahami,sabrahami2e@unesco.org,agex6a046piy,Female,116 159 8286,Northface University,115 32,664 Spenser Trail,Stockholm,2/23/2018
203,1993,Mame,Cottee,mcottee2f@booking.com,CJZ6bXrZK,Female,683 345 2501,Mondragon Univertsitatea,,9230 Clyde Gallagher Plaza,Hoi,4/21/2018
204,1059,Bruis,Orhtmann,borhtmann2g@wikipedia.org,ObnY7kuB,Male,350 226 1918,Universidad Nacional de Ucayali,831 76,54 Prairieview Circle,Östersund,3/3/2017
205,2109,Sydney,Fronzek,sfronzek2h@intel.com,vhhuQs,Female,800 213 2207,Universiti Malaysia Terengganu,,6541 Milwaukee Junction,Gancheng,1/13/2017
206,1928,Guendolen,Compford,gcompford2i@xinhuanet.com,ZCmcvh8Y5eM,Female,197 810 0342,Zhengzhou University of Technology,,26 Kingsford Plaza,Imishli,8/11/2017
207,2338,Webster,Gini,wgini2j@chronoengine.com,uAotxlLrvLrk,Male,851 254 2860,Tohoku College of Pharmacy,413 80,2688 Melvin Road,Göteborg,9/10/2018
208,1955,Bellanca,Road,broad2k@unblog.fr,VEiaHoajLzBZ,Female,622 157 8617,Netaji Subhas Inst of Technology,1238,752 Moland Trail,Dolna Banjica,7/14/2018
209,1844,Arielle,Klaas,aklaas2l@google.com,4gim0zF,Female,755 616 2789,Guilan University,,844 Leroy Alley,Tinumpuk,11/14/2019
210,1192,Orelia,Paulson,opaulson2m@wufoo.com,y70AtWMO3,Female,658 193 7263,Pyramid Education Center,,0 Corscot Center,Castillos,10/29/2018
211,1820,Ringo,Carnegy,rcarnegy2n@earthlink.net,WBZhYKygD4G,Male,242 429 7343,University of Bacau,,79040 Oriole Park,Villa del Carmen,3/20/2019
212,2051,Idaline,Watt,iwatt2o@spiegel.de,hwKhuh0lvd,Female,741 541 0380,Korea University,83484 CEDEX,92 Glendale Junction,Puget-sur-Argens,4/1/2017
213,1621,Burnaby,Ciotto,bciotto2p@comcast.net,hhnrPGKk3gt,Male,694 574 3328,Chung Hua University,,494 John Wall Junction,Pingshan,2/17/2017
214,2121,Christie,Greatbatch,cgreatbatch2q@census.gov,KHf3BOPtbUJ,Male,357 288 7131,University of Crete,,55 Tony Point,Chishui,2/8/2019
215,1357,Maureene,de Villier,mdevillier2r@reverbnation.com,OpqDJ9rLH4,Female,108 933 2797,Norwegian Teacher Academy for Studies in Religion and Education,,431 Continental Court,Ancahuasi,4/3/2017
